{"best_metric": 0.023249473422765732, "_timestamp": 1707763570.470749, "_runtime": 104.33161091804504, "_step": 0, "_wandb": {"runtime": 103}}