{"graph": {"_type": "graph-file", "sha256": "d27d8d085bc2f8b6fea794704f9d6f50c5b65976ae80396713226583c86d3aa1", "size": 2517, "path": "media/graph/graph_summary_d27d8d085bc2f8b6fea7.graph.json"}, "epoch": 29, "_timestamp": 1707783115.3687956, "loss": 0.623279869556427, "mean_absolute_error": 0.02879556640982628, "val_loss": 0.6303220391273499, "val_mean_absolute_error": 0.0292368046939373, "_runtime": 109.96651554107666, "_step": 30, "best_val_loss": 0.629658043384552, "best_epoch": 27, "best_metric": 0.026451265439391136, "_wandb": {"runtime": 108}}