{"graph": {"_type": "graph-file", "sha256": "64c6464c85e67d68a5ff21ad80f3e2ba24747077201c1c625d5655c72ca3c272", "size": 2555, "path": "media/graph/graph_summary_64c6464c85e67d68a5ff.graph.json"}, "epoch": 3, "_timestamp": 1707783888.5481596, "loss": 0.6235074400901794, "mean_absolute_error": 0.028534095734357834, "val_loss": 0.6300358772277832, "val_mean_absolute_error": 0.026786454021930695, "_runtime": 20.834563493728638, "_step": 3, "best_val_loss": 0.6300358772277832, "best_epoch": 3, "_wandb": {"runtime": 21}}