{"graph": {"_type": "graph-file", "sha256": "64c6464c85e67d68a5ff21ad80f3e2ba24747077201c1c625d5655c72ca3c272", "size": 2555, "path": "media/graph/graph_summary_64c6464c85e67d68a5ff.graph.json"}, "epoch": 9, "_timestamp": 1707782161.66838, "loss": 0.6225190758705139, "mean_absolute_error": 0.02349504455924034, "val_loss": 0.6292811632156372, "val_mean_absolute_error": 0.02241401933133602, "_runtime": 46.06503391265869, "_step": 9, "best_val_loss": 0.6292811632156372, "best_epoch": 9, "_wandb": {"runtime": 48}}