{"graph": {"_type": "graph-file", "sha256": "d27d8d085bc2f8b6fea794704f9d6f50c5b65976ae80396713226583c86d3aa1", "size": 2517, "path": "media/graph/graph_summary_d27d8d085bc2f8b6fea7.graph.json"}, "epoch": 29, "_timestamp": 1707782621.6872933, "loss": 0.6205924153327942, "mean_absolute_error": 0.012457272969186306, "val_loss": 0.6275824904441833, "val_mean_absolute_error": 0.01251700147986412, "_runtime": 141.15228939056396, "_step": 30, "best_val_loss": 0.6275321841239929, "best_epoch": 28, "best_metric": 0.012457272969186306, "_wandb": {"runtime": 139}}