{"graph": {"_type": "graph-file", "sha256": "d27d8d085bc2f8b6fea794704f9d6f50c5b65976ae80396713226583c86d3aa1", "size": 2517, "path": "media/graph/graph_summary_d27d8d085bc2f8b6fea7.graph.json"}, "epoch": 29, "_timestamp": 1707782473.315362, "loss": 0.6223806142807007, "mean_absolute_error": 0.02313290722668171, "val_loss": 0.6309075951576233, "val_mean_absolute_error": 0.030703775584697723, "_runtime": 110.59867787361145, "_step": 30, "best_val_loss": 0.6289812922477722, "best_epoch": 27, "best_metric": 0.02085852064192295, "_wandb": {"runtime": 109}}