{"graph": {"_type": "graph-file", "sha256": "d27d8d085bc2f8b6fea794704f9d6f50c5b65976ae80396713226583c86d3aa1", "size": 2517, "path": "media/graph/graph_summary_d27d8d085bc2f8b6fea7.graph.json"}, "epoch": 29, "_timestamp": 1707783255.6691217, "loss": 0.6225990653038025, "mean_absolute_error": 0.02095312625169754, "val_loss": 0.6294975280761719, "val_mean_absolute_error": 0.020535483956336975, "_runtime": 135.70220565795898, "_step": 30, "best_val_loss": 0.6294975280761719, "best_epoch": 29, "best_metric": 0.02095312625169754, "_wandb": {"runtime": 134}}