{"graph": {"_type": "graph-file", "sha256": "d27d8d085bc2f8b6fea794704f9d6f50c5b65976ae80396713226583c86d3aa1", "size": 2517, "path": "media/graph/graph_summary_d27d8d085bc2f8b6fea7.graph.json"}, "epoch": 29, "_timestamp": 1707782745.485938, "loss": 0.6225840449333191, "mean_absolute_error": 0.024828467518091202, "val_loss": 0.6295968890190125, "val_mean_absolute_error": 0.02516179159283638, "_runtime": 117.33126997947693, "_step": 30, "best_val_loss": 0.6291888356208801, "best_epoch": 25, "best_metric": 0.02404414303600788, "_wandb": {"runtime": 116}}