{"graph": {"_type": "graph-file", "sha256": "d27d8d085bc2f8b6fea794704f9d6f50c5b65976ae80396713226583c86d3aa1", "size": 2517, "path": "media/graph/graph_summary_d27d8d085bc2f8b6fea7.graph.json"}, "epoch": 29, "_timestamp": 1707783511.3009722, "loss": 0.6207336783409119, "mean_absolute_error": 0.01310260035097599, "val_loss": 0.6280227899551392, "val_mean_absolute_error": 0.016770195215940475, "_runtime": 129.25490617752075, "_step": 30, "best_val_loss": 0.6277543306350708, "best_epoch": 27, "best_metric": 0.012943505309522152, "_wandb": {"runtime": 128}}