{"graph": {"_type": "graph-file", "sha256": "d27d8d085bc2f8b6fea794704f9d6f50c5b65976ae80396713226583c86d3aa1", "size": 2517, "path": "media/graph/graph_summary_d27d8d085bc2f8b6fea7.graph.json"}, "epoch": 29, "_timestamp": 1707783000.9374585, "loss": 0.6207267045974731, "mean_absolute_error": 0.012812006287276745, "val_loss": 0.6277517676353455, "val_mean_absolute_error": 0.01325429230928421, "_runtime": 250.26743745803833, "_step": 30, "best_val_loss": 0.6277194619178772, "best_epoch": 28, "best_metric": 0.012812006287276745, "_wandb": {"runtime": 249}}