{"graph": {"_type": "graph-file", "sha256": "d27d8d085bc2f8b6fea794704f9d6f50c5b65976ae80396713226583c86d3aa1", "size": 2517, "path": "media/graph/graph_summary_d27d8d085bc2f8b6fea7.graph.json"}, "epoch": 15, "_timestamp": 1707783613.7858112, "loss": 0.6206606030464172, "mean_absolute_error": 0.01294534932821989, "val_loss": 0.6275960206985474, "val_mean_absolute_error": 0.012495957314968109, "_runtime": 92.72674918174744, "_step": 15, "best_val_loss": 0.6275960206985474, "best_epoch": 15, "_wandb": {"runtime": 92}}