{"best_metric": 0.024954717606306076, "_timestamp": 1707763676.303015, "_runtime": 100.31652307510376, "_step": 0, "_wandb": {"runtime": 99}}