{"graph": {"_type": "graph-file", "sha256": "64c6464c85e67d68a5ff21ad80f3e2ba24747077201c1c625d5655c72ca3c272", "size": 2555, "path": "media/graph/graph_summary_64c6464c85e67d68a5ff.graph.json"}, "epoch": 29, "_timestamp": 1707782356.1658072, "loss": 0.6218999624252319, "mean_absolute_error": 0.01820743829011917, "val_loss": 0.6288558840751648, "val_mean_absolute_error": 0.01815013214945793, "_runtime": 145.29604816436768, "_step": 30, "best_val_loss": 0.6288558840751648, "best_epoch": 29, "best_metric": 0.01820743829011917, "_wandb": {"runtime": 144}}