{"graph": {"_type": "graph-file", "sha256": "d27d8d085bc2f8b6fea794704f9d6f50c5b65976ae80396713226583c86d3aa1", "size": 2517, "path": "media/graph/graph_summary_d27d8d085bc2f8b6fea7.graph.json"}, "epoch": 29, "_timestamp": 1707783377.3201587, "loss": 0.6210201382637024, "mean_absolute_error": 0.014921646565198898, "val_loss": 0.6282734870910645, "val_mean_absolute_error": 0.018032127991318703, "_runtime": 115.79899072647095, "_step": 30, "best_val_loss": 0.627989649772644, "best_epoch": 26, "best_metric": 0.014425619505345821, "_wandb": {"runtime": 114}}