{"graph": {"_type": "graph-file", "sha256": "64c6464c85e67d68a5ff21ad80f3e2ba24747077201c1c625d5655c72ca3c272", "size": 2555, "path": "media/graph/graph_summary_64c6464c85e67d68a5ff.graph.json"}, "epoch": 1, "_timestamp": 1707783687.3135705, "loss": 0.6256548762321472, "mean_absolute_error": 0.0343719944357872, "val_loss": 0.6329602003097534, "val_mean_absolute_error": 0.03863844275474548, "_runtime": 14.460999488830566, "_step": 1, "best_val_loss": 0.6329602003097534, "best_epoch": 1, "_wandb": {"runtime": 15}}