{"best_metric": 0.01596188172698021, "_timestamp": 1707763780.9839566, "_runtime": 100.48903346061707, "_step": 0, "_wandb": {"runtime": 99}}