{"best_metric": 0.01676209829747677, "_timestamp": 1707764316.642996, "_runtime": 196.28409695625305, "_step": 1, "_wandb": {"runtime": 223}}